{
    "lastpayout": 1599990000,
    "skip": [],
    "accounts": {
        "4232221127422449264S": {
            "received": 0.0,
            "pending": 10.4322214062889456
        },
        "364709217406949292S": {
            "received": 14.84992411000114,
            "pending": 2.5499915677848085
        }
    }
}
